country,name,constituency_type,constituency_code,state,district,parent_code,source_url,source_last_updated,status
IN,Kasaragod,lok_sabha,IN-KL-PC-001,Kerala,Kasaragod,IN-KL,https://www.eci.gov.in/Documents/Delimitation/DelimitationofParliamentaryAssemblyConstituenciesOrder-2008%28English%29.pdf,2026-03-12,active
IN,Kannur,lok_sabha,IN-KL-PC-002,Kerala,Kannur,IN-KL,https://www.eci.gov.in/Documents/Delimitation/DelimitationofParliamentaryAssemblyConstituenciesOrder-2008%28English%29.pdf,2026-03-12,active
IN,Vadakara,lok_sabha,IN-KL-PC-003,Kerala,"Kannur, Kozhikode",IN-KL,https://www.eci.gov.in/Documents/Delimitation/DelimitationofParliamentaryAssemblyConstituenciesOrder-2008%28English%29.pdf,2026-03-12,active
IN,Wayanad,lok_sabha,IN-KL-PC-004,Kerala,"Wayanad, Kozhikode, Malappuram",IN-KL,https://www.eci.gov.in/Documents/Delimitation/DelimitationofParliamentaryAssemblyConstituenciesOrder-2008%28English%29.pdf,2026-03-12,active
IN,Kozhikode,lok_sabha,IN-KL-PC-005,Kerala,Kozhikode,IN-KL,https://www.eci.gov.in/Documents/Delimitation/DelimitationofParliamentaryAssemblyConstituenciesOrder-2008%28English%29.pdf,2026-03-12,active
IN,Malappuram,lok_sabha,IN-KL-PC-006,Kerala,Malappuram,IN-KL,https://www.eci.gov.in/Documents/Delimitation/DelimitationofParliamentaryAssemblyConstituenciesOrder-2008%28English%29.pdf,2026-03-12,active
IN,Ponnani,lok_sabha,IN-KL-PC-007,Kerala,"Malappuram, Palakkad",IN-KL,https://www.eci.gov.in/Documents/Delimitation/DelimitationofParliamentaryAssemblyConstituenciesOrder-2008%28English%29.pdf,2026-03-12,active
IN,Palakkad,lok_sabha,IN-KL-PC-008,Kerala,Palakkad,IN-KL,https://www.eci.gov.in/Documents/Delimitation/DelimitationofParliamentaryAssemblyConstituenciesOrder-2008%28English%29.pdf,2026-03-12,active
IN,Alathur (SC),lok_sabha,IN-KL-PC-009,Kerala,"Palakkad, Thrissur",IN-KL,https://www.eci.gov.in/Documents/Delimitation/DelimitationofParliamentaryAssemblyConstituenciesOrder-2008%28English%29.pdf,2026-03-12,active
IN,Thrissur,lok_sabha,IN-KL-PC-010,Kerala,Thrissur,IN-KL,https://www.eci.gov.in/Documents/Delimitation/DelimitationofParliamentaryAssemblyConstituenciesOrder-2008%28English%29.pdf,2026-03-12,active
IN,Chalakudy,lok_sabha,IN-KL-PC-011,Kerala,"Thrissur, Ernakulam",IN-KL,https://www.eci.gov.in/Documents/Delimitation/DelimitationofParliamentaryAssemblyConstituenciesOrder-2008%28English%29.pdf,2026-03-12,active
IN,Ernakulam,lok_sabha,IN-KL-PC-012,Kerala,Ernakulam,IN-KL,https://www.eci.gov.in/Documents/Delimitation/DelimitationofParliamentaryAssemblyConstituenciesOrder-2008%28English%29.pdf,2026-03-12,active
IN,Idukki,lok_sabha,IN-KL-PC-013,Kerala,"Idukki, Ernakulam",IN-KL,https://www.eci.gov.in/Documents/Delimitation/DelimitationofParliamentaryAssemblyConstituenciesOrder-2008%28English%29.pdf,2026-03-12,active
IN,Kottayam,lok_sabha,IN-KL-PC-014,Kerala,Kottayam,IN-KL,https://www.eci.gov.in/Documents/Delimitation/DelimitationofParliamentaryAssemblyConstituenciesOrder-2008%28English%29.pdf,2026-03-12,active
IN,Alappuzha,lok_sabha,IN-KL-PC-015,Kerala,Alappuzha,IN-KL,https://www.eci.gov.in/Documents/Delimitation/DelimitationofParliamentaryAssemblyConstituenciesOrder-2008%28English%29.pdf,2026-03-12,active
IN,Mavelikkara (SC),lok_sabha,IN-KL-PC-016,Kerala,"Alappuzha, Pathanamthitta, Kollam",IN-KL,https://www.eci.gov.in/Documents/Delimitation/DelimitationofParliamentaryAssemblyConstituenciesOrder-2008%28English%29.pdf,2026-03-12,active
IN,Pathanamthitta,lok_sabha,IN-KL-PC-017,Kerala,"Pathanamthitta, Kottayam",IN-KL,https://www.eci.gov.in/Documents/Delimitation/DelimitationofParliamentaryAssemblyConstituenciesOrder-2008%28English%29.pdf,2026-03-12,active
IN,Kollam,lok_sabha,IN-KL-PC-018,Kerala,Kollam,IN-KL,https://www.eci.gov.in/Documents/Delimitation/DelimitationofParliamentaryAssemblyConstituenciesOrder-2008%28English%29.pdf,2026-03-12,active
IN,Attingal,lok_sabha,IN-KL-PC-019,Kerala,Thiruvananthapuram,IN-KL,https://www.eci.gov.in/Documents/Delimitation/DelimitationofParliamentaryAssemblyConstituenciesOrder-2008%28English%29.pdf,2026-03-12,active
IN,Thiruvananthapuram,lok_sabha,IN-KL-PC-020,Kerala,Thiruvananthapuram,IN-KL,https://www.eci.gov.in/Documents/Delimitation/DelimitationofParliamentaryAssemblyConstituenciesOrder-2008%28English%29.pdf,2026-03-12,active
IN,Manjeshwar,assembly,IN-KL-AC-001,Kerala,Kasaragod,IN-KL-PC-001,https://www.eci.gov.in/Documents/Delimitation/DelimitationofParliamentaryAssemblyConstituenciesOrder-2008%28English%29.pdf,2026-03-12,active
IN,Kasaragod,assembly,IN-KL-AC-002,Kerala,Kasaragod,IN-KL-PC-001,https://www.eci.gov.in/Documents/Delimitation/DelimitationofParliamentaryAssemblyConstituenciesOrder-2008%28English%29.pdf,2026-03-12,active
IN,Udma,assembly,IN-KL-AC-003,Kerala,Kasaragod,IN-KL-PC-001,https://www.eci.gov.in/Documents/Delimitation/DelimitationofParliamentaryAssemblyConstituenciesOrder-2008%28English%29.pdf,2026-03-12,active
IN,Kanhangad,assembly,IN-KL-AC-004,Kerala,Kasaragod,IN-KL-PC-001,https://www.eci.gov.in/Documents/Delimitation/DelimitationofParliamentaryAssemblyConstituenciesOrder-2008%28English%29.pdf,2026-03-12,active
IN,Trikaripur,assembly,IN-KL-AC-005,Kerala,Kasaragod,IN-KL-PC-001,https://www.eci.gov.in/Documents/Delimitation/DelimitationofParliamentaryAssemblyConstituenciesOrder-2008%28English%29.pdf,2026-03-12,active
IN,Payyannur,assembly,IN-KL-AC-006,Kerala,Kannur,IN-KL-PC-001,https://www.eci.gov.in/Documents/Delimitation/DelimitationofParliamentaryAssemblyConstituenciesOrder-2008%28English%29.pdf,2026-03-12,active
IN,Kalliasseri,assembly,IN-KL-AC-007,Kerala,Kannur,IN-KL-PC-001,https://www.eci.gov.in/Documents/Delimitation/DelimitationofParliamentaryAssemblyConstituenciesOrder-2008%28English%29.pdf,2026-03-12,active
IN,Taliparamba,assembly,IN-KL-AC-008,Kerala,Kannur,IN-KL-PC-002,https://www.eci.gov.in/Documents/Delimitation/DelimitationofParliamentaryAssemblyConstituenciesOrder-2008%28English%29.pdf,2026-03-12,active
IN,Irikkur,assembly,IN-KL-AC-009,Kerala,Kannur,IN-KL-PC-002,https://www.eci.gov.in/Documents/Delimitation/DelimitationofParliamentaryAssemblyConstituenciesOrder-2008%28English%29.pdf,2026-03-12,active
IN,Azhikode,assembly,IN-KL-AC-010,Kerala,Kannur,IN-KL-PC-002,https://www.eci.gov.in/Documents/Delimitation/DelimitationofParliamentaryAssemblyConstituenciesOrder-2008%28English%29.pdf,2026-03-12,active
IN,Kannur,assembly,IN-KL-AC-011,Kerala,Kannur,IN-KL-PC-002,https://www.eci.gov.in/Documents/Delimitation/DelimitationofParliamentaryAssemblyConstituenciesOrder-2008%28English%29.pdf,2026-03-12,active
IN,Dharmadam,assembly,IN-KL-AC-012,Kerala,Kannur,IN-KL-PC-002,https://www.eci.gov.in/Documents/Delimitation/DelimitationofParliamentaryAssemblyConstituenciesOrder-2008%28English%29.pdf,2026-03-12,active
IN,Thalassery,assembly,IN-KL-AC-013,Kerala,Kannur,IN-KL-PC-003,https://www.eci.gov.in/Documents/Delimitation/DelimitationofParliamentaryAssemblyConstituenciesOrder-2008%28English%29.pdf,2026-03-12,active
IN,Kuthuparamba,assembly,IN-KL-AC-014,Kerala,Kannur,IN-KL-PC-003,https://www.eci.gov.in/Documents/Delimitation/DelimitationofParliamentaryAssemblyConstituenciesOrder-2008%28English%29.pdf,2026-03-12,active
IN,Mattannur,assembly,IN-KL-AC-015,Kerala,Kannur,IN-KL-PC-002,https://www.eci.gov.in/Documents/Delimitation/DelimitationofParliamentaryAssemblyConstituenciesOrder-2008%28English%29.pdf,2026-03-12,active
IN,Peravoor,assembly,IN-KL-AC-016,Kerala,Kannur,IN-KL-PC-002,https://www.eci.gov.in/Documents/Delimitation/DelimitationofParliamentaryAssemblyConstituenciesOrder-2008%28English%29.pdf,2026-03-12,active
IN,Mananthavady (ST),assembly,IN-KL-AC-017,Kerala,Wayanad,IN-KL-PC-004,https://www.eci.gov.in/Documents/Delimitation/DelimitationofParliamentaryAssemblyConstituenciesOrder-2008%28English%29.pdf,2026-03-12,active
IN,Sulthanbathery (ST),assembly,IN-KL-AC-018,Kerala,Wayanad,IN-KL-PC-004,https://www.eci.gov.in/Documents/Delimitation/DelimitationofParliamentaryAssemblyConstituenciesOrder-2008%28English%29.pdf,2026-03-12,active
IN,Kalpetta,assembly,IN-KL-AC-019,Kerala,Wayanad,IN-KL-PC-004,https://www.eci.gov.in/Documents/Delimitation/DelimitationofParliamentaryAssemblyConstituenciesOrder-2008%28English%29.pdf,2026-03-12,active
IN,Vadakara,assembly,IN-KL-AC-020,Kerala,Kozhikode,IN-KL-PC-003,https://www.eci.gov.in/Documents/Delimitation/DelimitationofParliamentaryAssemblyConstituenciesOrder-2008%28English%29.pdf,2026-03-12,active
IN,Kuttiadi,assembly,IN-KL-AC-021,Kerala,Kozhikode,IN-KL-PC-003,https://www.eci.gov.in/Documents/Delimitation/DelimitationofParliamentaryAssemblyConstituenciesOrder-2008%28English%29.pdf,2026-03-12,active
IN,Nadapuram,assembly,IN-KL-AC-022,Kerala,Kozhikode,IN-KL-PC-003,https://www.eci.gov.in/Documents/Delimitation/DelimitationofParliamentaryAssemblyConstituenciesOrder-2008%28English%29.pdf,2026-03-12,active
IN,Quilandy,assembly,IN-KL-AC-023,Kerala,Kozhikode,IN-KL-PC-003,https://www.eci.gov.in/Documents/Delimitation/DelimitationofParliamentaryAssemblyConstituenciesOrder-2008%28English%29.pdf,2026-03-12,active
IN,Perambra,assembly,IN-KL-AC-024,Kerala,Kozhikode,IN-KL-PC-003,https://www.eci.gov.in/Documents/Delimitation/DelimitationofParliamentaryAssemblyConstituenciesOrder-2008%28English%29.pdf,2026-03-12,active
IN,Balusseri (SC),assembly,IN-KL-AC-025,Kerala,Kozhikode,IN-KL-PC-005,https://www.eci.gov.in/Documents/Delimitation/DelimitationofParliamentaryAssemblyConstituenciesOrder-2008%28English%29.pdf,2026-03-12,active
IN,Elathur,assembly,IN-KL-AC-026,Kerala,Kozhikode,IN-KL-PC-005,https://www.eci.gov.in/Documents/Delimitation/DelimitationofParliamentaryAssemblyConstituenciesOrder-2008%28English%29.pdf,2026-03-12,active
IN,Kozhikode North,assembly,IN-KL-AC-027,Kerala,Kozhikode,IN-KL-PC-005,https://www.eci.gov.in/Documents/Delimitation/DelimitationofParliamentaryAssemblyConstituenciesOrder-2008%28English%29.pdf,2026-03-12,active
IN,Kozhikode South,assembly,IN-KL-AC-028,Kerala,Kozhikode,IN-KL-PC-005,https://www.eci.gov.in/Documents/Delimitation/DelimitationofParliamentaryAssemblyConstituenciesOrder-2008%28English%29.pdf,2026-03-12,active
IN,Beypore,assembly,IN-KL-AC-029,Kerala,Kozhikode,IN-KL-PC-005,https://www.eci.gov.in/Documents/Delimitation/DelimitationofParliamentaryAssemblyConstituenciesOrder-2008%28English%29.pdf,2026-03-12,active
IN,Kunnamangalam,assembly,IN-KL-AC-030,Kerala,Kozhikode,IN-KL-PC-005,https://www.eci.gov.in/Documents/Delimitation/DelimitationofParliamentaryAssemblyConstituenciesOrder-2008%28English%29.pdf,2026-03-12,active
IN,Koduvally,assembly,IN-KL-AC-031,Kerala,Kozhikode,IN-KL-PC-005,https://www.eci.gov.in/Documents/Delimitation/DelimitationofParliamentaryAssemblyConstituenciesOrder-2008%28English%29.pdf,2026-03-12,active
IN,Thiruvambadi,assembly,IN-KL-AC-032,Kerala,Kozhikode,IN-KL-PC-004,https://www.eci.gov.in/Documents/Delimitation/DelimitationofParliamentaryAssemblyConstituenciesOrder-2008%28English%29.pdf,2026-03-12,active
IN,Kondotty,assembly,IN-KL-AC-033,Kerala,Malappuram,IN-KL-PC-006,https://www.eci.gov.in/Documents/Delimitation/DelimitationofParliamentaryAssemblyConstituenciesOrder-2008%28English%29.pdf,2026-03-12,active
IN,Eranad,assembly,IN-KL-AC-034,Kerala,Malappuram,IN-KL-PC-004,https://www.eci.gov.in/Documents/Delimitation/DelimitationofParliamentaryAssemblyConstituenciesOrder-2008%28English%29.pdf,2026-03-12,active
IN,Nilambur,assembly,IN-KL-AC-035,Kerala,Malappuram,IN-KL-PC-004,https://www.eci.gov.in/Documents/Delimitation/DelimitationofParliamentaryAssemblyConstituenciesOrder-2008%28English%29.pdf,2026-03-12,active
IN,Wandoor (SC),assembly,IN-KL-AC-036,Kerala,Malappuram,IN-KL-PC-004,https://www.eci.gov.in/Documents/Delimitation/DelimitationofParliamentaryAssemblyConstituenciesOrder-2008%28English%29.pdf,2026-03-12,active
IN,Manjeri,assembly,IN-KL-AC-037,Kerala,Malappuram,IN-KL-PC-006,https://www.eci.gov.in/Documents/Delimitation/DelimitationofParliamentaryAssemblyConstituenciesOrder-2008%28English%29.pdf,2026-03-12,active
IN,Perinthalmanna,assembly,IN-KL-AC-038,Kerala,Malappuram,IN-KL-PC-006,https://www.eci.gov.in/Documents/Delimitation/DelimitationofParliamentaryAssemblyConstituenciesOrder-2008%28English%29.pdf,2026-03-12,active
IN,Mankada,assembly,IN-KL-AC-039,Kerala,Malappuram,IN-KL-PC-006,https://www.eci.gov.in/Documents/Delimitation/DelimitationofParliamentaryAssemblyConstituenciesOrder-2008%28English%29.pdf,2026-03-12,active
IN,Malappuram,assembly,IN-KL-AC-040,Kerala,Malappuram,IN-KL-PC-006,https://www.eci.gov.in/Documents/Delimitation/DelimitationofParliamentaryAssemblyConstituenciesOrder-2008%28English%29.pdf,2026-03-12,active
IN,Vengara,assembly,IN-KL-AC-041,Kerala,Malappuram,IN-KL-PC-006,https://www.eci.gov.in/Documents/Delimitation/DelimitationofParliamentaryAssemblyConstituenciesOrder-2008%28English%29.pdf,2026-03-12,active
IN,Vallikkunnu,assembly,IN-KL-AC-042,Kerala,Malappuram,IN-KL-PC-006,https://www.eci.gov.in/Documents/Delimitation/DelimitationofParliamentaryAssemblyConstituenciesOrder-2008%28English%29.pdf,2026-03-12,active
IN,Tirurangadi,assembly,IN-KL-AC-043,Kerala,Malappuram,IN-KL-PC-007,https://www.eci.gov.in/Documents/Delimitation/DelimitationofParliamentaryAssemblyConstituenciesOrder-2008%28English%29.pdf,2026-03-12,active
IN,Tanur,assembly,IN-KL-AC-044,Kerala,Malappuram,IN-KL-PC-007,https://www.eci.gov.in/Documents/Delimitation/DelimitationofParliamentaryAssemblyConstituenciesOrder-2008%28English%29.pdf,2026-03-12,active
IN,Tirur,assembly,IN-KL-AC-045,Kerala,Malappuram,IN-KL-PC-007,https://www.eci.gov.in/Documents/Delimitation/DelimitationofParliamentaryAssemblyConstituenciesOrder-2008%28English%29.pdf,2026-03-12,active
IN,Kottakkal,assembly,IN-KL-AC-046,Kerala,Malappuram,IN-KL-PC-007,https://www.eci.gov.in/Documents/Delimitation/DelimitationofParliamentaryAssemblyConstituenciesOrder-2008%28English%29.pdf,2026-03-12,active
IN,Thavanur,assembly,IN-KL-AC-047,Kerala,Malappuram,IN-KL-PC-007,https://www.eci.gov.in/Documents/Delimitation/DelimitationofParliamentaryAssemblyConstituenciesOrder-2008%28English%29.pdf,2026-03-12,active
IN,Ponnani,assembly,IN-KL-AC-048,Kerala,Malappuram,IN-KL-PC-007,https://www.eci.gov.in/Documents/Delimitation/DelimitationofParliamentaryAssemblyConstituenciesOrder-2008%28English%29.pdf,2026-03-12,active
IN,Thrithala,assembly,IN-KL-AC-049,Kerala,Palakkad,IN-KL-PC-007,https://www.eci.gov.in/Documents/Delimitation/DelimitationofParliamentaryAssemblyConstituenciesOrder-2008%28English%29.pdf,2026-03-12,active
IN,Pattambi,assembly,IN-KL-AC-050,Kerala,Palakkad,IN-KL-PC-008,https://www.eci.gov.in/Documents/Delimitation/DelimitationofParliamentaryAssemblyConstituenciesOrder-2008%28English%29.pdf,2026-03-12,active
IN,Shornur,assembly,IN-KL-AC-051,Kerala,Palakkad,IN-KL-PC-008,https://www.eci.gov.in/Documents/Delimitation/DelimitationofParliamentaryAssemblyConstituenciesOrder-2008%28English%29.pdf,2026-03-12,active
IN,Ottappalam,assembly,IN-KL-AC-052,Kerala,Palakkad,IN-KL-PC-008,https://www.eci.gov.in/Documents/Delimitation/DelimitationofParliamentaryAssemblyConstituenciesOrder-2008%28English%29.pdf,2026-03-12,active
IN,Kongad (SC),assembly,IN-KL-AC-053,Kerala,Palakkad,IN-KL-PC-008,https://www.eci.gov.in/Documents/Delimitation/DelimitationofParliamentaryAssemblyConstituenciesOrder-2008%28English%29.pdf,2026-03-12,active
IN,Mannarkkad,assembly,IN-KL-AC-054,Kerala,Palakkad,IN-KL-PC-008,https://www.eci.gov.in/Documents/Delimitation/DelimitationofParliamentaryAssemblyConstituenciesOrder-2008%28English%29.pdf,2026-03-12,active
IN,Malampuzha,assembly,IN-KL-AC-055,Kerala,Palakkad,IN-KL-PC-008,https://www.eci.gov.in/Documents/Delimitation/DelimitationofParliamentaryAssemblyConstituenciesOrder-2008%28English%29.pdf,2026-03-12,active
IN,Palakkad,assembly,IN-KL-AC-056,Kerala,Palakkad,IN-KL-PC-008,https://www.eci.gov.in/Documents/Delimitation/DelimitationofParliamentaryAssemblyConstituenciesOrder-2008%28English%29.pdf,2026-03-12,active
IN,Tarur (SC),assembly,IN-KL-AC-057,Kerala,Palakkad,IN-KL-PC-009,https://www.eci.gov.in/Documents/Delimitation/DelimitationofParliamentaryAssemblyConstituenciesOrder-2008%28English%29.pdf,2026-03-12,active
IN,Chittur,assembly,IN-KL-AC-058,Kerala,Palakkad,IN-KL-PC-009,https://www.eci.gov.in/Documents/Delimitation/DelimitationofParliamentaryAssemblyConstituenciesOrder-2008%28English%29.pdf,2026-03-12,active
IN,Nemmara,assembly,IN-KL-AC-059,Kerala,Palakkad,IN-KL-PC-009,https://www.eci.gov.in/Documents/Delimitation/DelimitationofParliamentaryAssemblyConstituenciesOrder-2008%28English%29.pdf,2026-03-12,active
IN,Alathur,assembly,IN-KL-AC-060,Kerala,Palakkad,IN-KL-PC-009,https://www.eci.gov.in/Documents/Delimitation/DelimitationofParliamentaryAssemblyConstituenciesOrder-2008%28English%29.pdf,2026-03-12,active
IN,Chelakkara (SC),assembly,IN-KL-AC-061,Kerala,Thrissur,IN-KL-PC-009,https://www.eci.gov.in/Documents/Delimitation/DelimitationofParliamentaryAssemblyConstituenciesOrder-2008%28English%29.pdf,2026-03-12,active
IN,Kunnamkulam,assembly,IN-KL-AC-062,Kerala,Thrissur,IN-KL-PC-009,https://www.eci.gov.in/Documents/Delimitation/DelimitationofParliamentaryAssemblyConstituenciesOrder-2008%28English%29.pdf,2026-03-12,active
IN,Guruvayoor,assembly,IN-KL-AC-063,Kerala,Thrissur,IN-KL-PC-010,https://www.eci.gov.in/Documents/Delimitation/DelimitationofParliamentaryAssemblyConstituenciesOrder-2008%28English%29.pdf,2026-03-12,active
IN,Manalur,assembly,IN-KL-AC-064,Kerala,Thrissur,IN-KL-PC-010,https://www.eci.gov.in/Documents/Delimitation/DelimitationofParliamentaryAssemblyConstituenciesOrder-2008%28English%29.pdf,2026-03-12,active
IN,Wadakkanchery,assembly,IN-KL-AC-065,Kerala,Thrissur,IN-KL-PC-009,https://www.eci.gov.in/Documents/Delimitation/DelimitationofParliamentaryAssemblyConstituenciesOrder-2008%28English%29.pdf,2026-03-12,active
IN,Ollur,assembly,IN-KL-AC-066,Kerala,Thrissur,IN-KL-PC-010,https://www.eci.gov.in/Documents/Delimitation/DelimitationofParliamentaryAssemblyConstituenciesOrder-2008%28English%29.pdf,2026-03-12,active
IN,Thrissur,assembly,IN-KL-AC-067,Kerala,Thrissur,IN-KL-PC-010,https://www.eci.gov.in/Documents/Delimitation/DelimitationofParliamentaryAssemblyConstituenciesOrder-2008%28English%29.pdf,2026-03-12,active
IN,Nattika (SC),assembly,IN-KL-AC-068,Kerala,Thrissur,IN-KL-PC-010,https://www.eci.gov.in/Documents/Delimitation/DelimitationofParliamentaryAssemblyConstituenciesOrder-2008%28English%29.pdf,2026-03-12,active
IN,Kaipamangalam,assembly,IN-KL-AC-069,Kerala,Thrissur,IN-KL-PC-011,https://www.eci.gov.in/Documents/Delimitation/DelimitationofParliamentaryAssemblyConstituenciesOrder-2008%28English%29.pdf,2026-03-12,active
IN,Irinjalakuda,assembly,IN-KL-AC-070,Kerala,Thrissur,IN-KL-PC-010,https://www.eci.gov.in/Documents/Delimitation/DelimitationofParliamentaryAssemblyConstituenciesOrder-2008%28English%29.pdf,2026-03-12,active
IN,Puthukkad,assembly,IN-KL-AC-071,Kerala,Thrissur,IN-KL-PC-010,https://www.eci.gov.in/Documents/Delimitation/DelimitationofParliamentaryAssemblyConstituenciesOrder-2008%28English%29.pdf,2026-03-12,active
IN,Chalakudy,assembly,IN-KL-AC-072,Kerala,Thrissur,IN-KL-PC-011,https://www.eci.gov.in/Documents/Delimitation/DelimitationofParliamentaryAssemblyConstituenciesOrder-2008%28English%29.pdf,2026-03-12,active
IN,Kodungallur,assembly,IN-KL-AC-073,Kerala,Thrissur,IN-KL-PC-011,https://www.eci.gov.in/Documents/Delimitation/DelimitationofParliamentaryAssemblyConstituenciesOrder-2008%28English%29.pdf,2026-03-12,active
IN,Perumbavoor,assembly,IN-KL-AC-074,Kerala,Ernakulam,IN-KL-PC-011,https://www.eci.gov.in/Documents/Delimitation/DelimitationofParliamentaryAssemblyConstituenciesOrder-2008%28English%29.pdf,2026-03-12,active
IN,Angamaly,assembly,IN-KL-AC-075,Kerala,Ernakulam,IN-KL-PC-011,https://www.eci.gov.in/Documents/Delimitation/DelimitationofParliamentaryAssemblyConstituenciesOrder-2008%28English%29.pdf,2026-03-12,active
IN,Aluva,assembly,IN-KL-AC-076,Kerala,Ernakulam,IN-KL-PC-011,https://www.eci.gov.in/Documents/Delimitation/DelimitationofParliamentaryAssemblyConstituenciesOrder-2008%28English%29.pdf,2026-03-12,active
IN,Kalamassery,assembly,IN-KL-AC-077,Kerala,Ernakulam,IN-KL-PC-012,https://www.eci.gov.in/Documents/Delimitation/DelimitationofParliamentaryAssemblyConstituenciesOrder-2008%28English%29.pdf,2026-03-12,active
IN,Paravur,assembly,IN-KL-AC-078,Kerala,Ernakulam,IN-KL-PC-012,https://www.eci.gov.in/Documents/Delimitation/DelimitationofParliamentaryAssemblyConstituenciesOrder-2008%28English%29.pdf,2026-03-12,active
IN,Vypeen,assembly,IN-KL-AC-079,Kerala,Ernakulam,IN-KL-PC-012,https://www.eci.gov.in/Documents/Delimitation/DelimitationofParliamentaryAssemblyConstituenciesOrder-2008%28English%29.pdf,2026-03-12,active
IN,Kochi,assembly,IN-KL-AC-080,Kerala,Ernakulam,IN-KL-PC-012,https://www.eci.gov.in/Documents/Delimitation/DelimitationofParliamentaryAssemblyConstituenciesOrder-2008%28English%29.pdf,2026-03-12,active
IN,Tripunithura,assembly,IN-KL-AC-081,Kerala,Ernakulam,IN-KL-PC-012,https://www.eci.gov.in/Documents/Delimitation/DelimitationofParliamentaryAssemblyConstituenciesOrder-2008%28English%29.pdf,2026-03-12,active
IN,Ernakulam,assembly,IN-KL-AC-082,Kerala,Ernakulam,IN-KL-PC-012,https://www.eci.gov.in/Documents/Delimitation/DelimitationofParliamentaryAssemblyConstituenciesOrder-2008%28English%29.pdf,2026-03-12,active
IN,Thrikkakara,assembly,IN-KL-AC-083,Kerala,Ernakulam,IN-KL-PC-012,https://www.eci.gov.in/Documents/Delimitation/DelimitationofParliamentaryAssemblyConstituenciesOrder-2008%28English%29.pdf,2026-03-12,active
IN,Kunnathunad (SC),assembly,IN-KL-AC-084,Kerala,Ernakulam,IN-KL-PC-011,https://www.eci.gov.in/Documents/Delimitation/DelimitationofParliamentaryAssemblyConstituenciesOrder-2008%28English%29.pdf,2026-03-12,active
IN,Piravom,assembly,IN-KL-AC-085,Kerala,Ernakulam,IN-KL-PC-014,https://www.eci.gov.in/Documents/Delimitation/DelimitationofParliamentaryAssemblyConstituenciesOrder-2008%28English%29.pdf,2026-03-12,active
IN,Muvattupuzha,assembly,IN-KL-AC-086,Kerala,Ernakulam,IN-KL-PC-013,https://www.eci.gov.in/Documents/Delimitation/DelimitationofParliamentaryAssemblyConstituenciesOrder-2008%28English%29.pdf,2026-03-12,active
IN,Kothamangalam,assembly,IN-KL-AC-087,Kerala,Ernakulam,IN-KL-PC-013,https://www.eci.gov.in/Documents/Delimitation/DelimitationofParliamentaryAssemblyConstituenciesOrder-2008%28English%29.pdf,2026-03-12,active
IN,Devikulam (SC),assembly,IN-KL-AC-088,Kerala,Idukki,IN-KL-PC-013,https://www.eci.gov.in/Documents/Delimitation/DelimitationofParliamentaryAssemblyConstituenciesOrder-2008%28English%29.pdf,2026-03-12,active
IN,Udumbanchola,assembly,IN-KL-AC-089,Kerala,Idukki,IN-KL-PC-013,https://www.eci.gov.in/Documents/Delimitation/DelimitationofParliamentaryAssemblyConstituenciesOrder-2008%28English%29.pdf,2026-03-12,active
IN,Thodupuzha,assembly,IN-KL-AC-090,Kerala,Idukki,IN-KL-PC-013,https://www.eci.gov.in/Documents/Delimitation/DelimitationofParliamentaryAssemblyConstituenciesOrder-2008%28English%29.pdf,2026-03-12,active
IN,Idukki,assembly,IN-KL-AC-091,Kerala,Idukki,IN-KL-PC-013,https://www.eci.gov.in/Documents/Delimitation/DelimitationofParliamentaryAssemblyConstituenciesOrder-2008%28English%29.pdf,2026-03-12,active
IN,Peerumade,assembly,IN-KL-AC-092,Kerala,Idukki,IN-KL-PC-013,https://www.eci.gov.in/Documents/Delimitation/DelimitationofParliamentaryAssemblyConstituenciesOrder-2008%28English%29.pdf,2026-03-12,active
IN,Pala,assembly,IN-KL-AC-093,Kerala,Kottayam,IN-KL-PC-014,https://www.eci.gov.in/Documents/Delimitation/DelimitationofParliamentaryAssemblyConstituenciesOrder-2008%28English%29.pdf,2026-03-12,active
IN,Kaduthuruthy,assembly,IN-KL-AC-094,Kerala,Kottayam,IN-KL-PC-014,https://www.eci.gov.in/Documents/Delimitation/DelimitationofParliamentaryAssemblyConstituenciesOrder-2008%28English%29.pdf,2026-03-12,active
IN,Vaikom (SC),assembly,IN-KL-AC-095,Kerala,Kottayam,IN-KL-PC-014,https://www.eci.gov.in/Documents/Delimitation/DelimitationofParliamentaryAssemblyConstituenciesOrder-2008%28English%29.pdf,2026-03-12,active
IN,Ettumanoor,assembly,IN-KL-AC-096,Kerala,Kottayam,IN-KL-PC-014,https://www.eci.gov.in/Documents/Delimitation/DelimitationofParliamentaryAssemblyConstituenciesOrder-2008%28English%29.pdf,2026-03-12,active
IN,Kottayam,assembly,IN-KL-AC-097,Kerala,Kottayam,IN-KL-PC-014,https://www.eci.gov.in/Documents/Delimitation/DelimitationofParliamentaryAssemblyConstituenciesOrder-2008%28English%29.pdf,2026-03-12,active
IN,Puthuppally,assembly,IN-KL-AC-098,Kerala,Kottayam,IN-KL-PC-014,https://www.eci.gov.in/Documents/Delimitation/DelimitationofParliamentaryAssemblyConstituenciesOrder-2008%28English%29.pdf,2026-03-12,active
IN,Changanassery,assembly,IN-KL-AC-099,Kerala,Kottayam,IN-KL-PC-016,https://www.eci.gov.in/Documents/Delimitation/DelimitationofParliamentaryAssemblyConstituenciesOrder-2008%28English%29.pdf,2026-03-12,active
IN,Kanjirappally,assembly,IN-KL-AC-100,Kerala,Kottayam,IN-KL-PC-017,https://www.eci.gov.in/Documents/Delimitation/DelimitationofParliamentaryAssemblyConstituenciesOrder-2008%28English%29.pdf,2026-03-12,active
IN,Poonjar,assembly,IN-KL-AC-101,Kerala,Kottayam,IN-KL-PC-017,https://www.eci.gov.in/Documents/Delimitation/DelimitationofParliamentaryAssemblyConstituenciesOrder-2008%28English%29.pdf,2026-03-12,active
IN,Aroor,assembly,IN-KL-AC-102,Kerala,Alappuzha,IN-KL-PC-015,https://www.eci.gov.in/Documents/Delimitation/DelimitationofParliamentaryAssemblyConstituenciesOrder-2008%28English%29.pdf,2026-03-12,active
IN,Cherthala,assembly,IN-KL-AC-103,Kerala,Alappuzha,IN-KL-PC-015,https://www.eci.gov.in/Documents/Delimitation/DelimitationofParliamentaryAssemblyConstituenciesOrder-2008%28English%29.pdf,2026-03-12,active
IN,Alappuzha,assembly,IN-KL-AC-104,Kerala,Alappuzha,IN-KL-PC-015,https://www.eci.gov.in/Documents/Delimitation/DelimitationofParliamentaryAssemblyConstituenciesOrder-2008%28English%29.pdf,2026-03-12,active
IN,Ambalappuzha,assembly,IN-KL-AC-105,Kerala,Alappuzha,IN-KL-PC-015,https://www.eci.gov.in/Documents/Delimitation/DelimitationofParliamentaryAssemblyConstituenciesOrder-2008%28English%29.pdf,2026-03-12,active
IN,Kuttanad,assembly,IN-KL-AC-106,Kerala,Alappuzha,IN-KL-PC-016,https://www.eci.gov.in/Documents/Delimitation/DelimitationofParliamentaryAssemblyConstituenciesOrder-2008%28English%29.pdf,2026-03-12,active
IN,Haripad,assembly,IN-KL-AC-107,Kerala,Alappuzha,IN-KL-PC-015,https://www.eci.gov.in/Documents/Delimitation/DelimitationofParliamentaryAssemblyConstituenciesOrder-2008%28English%29.pdf,2026-03-12,active
IN,Kayamkulam,assembly,IN-KL-AC-108,Kerala,Alappuzha,IN-KL-PC-015,https://www.eci.gov.in/Documents/Delimitation/DelimitationofParliamentaryAssemblyConstituenciesOrder-2008%28English%29.pdf,2026-03-12,active
IN,Mavelikkara (SC),assembly,IN-KL-AC-109,Kerala,Alappuzha,IN-KL-PC-016,https://www.eci.gov.in/Documents/Delimitation/DelimitationofParliamentaryAssemblyConstituenciesOrder-2008%28English%29.pdf,2026-03-12,active
IN,Chengannur,assembly,IN-KL-AC-110,Kerala,Alappuzha,IN-KL-PC-016,https://www.eci.gov.in/Documents/Delimitation/DelimitationofParliamentaryAssemblyConstituenciesOrder-2008%28English%29.pdf,2026-03-12,active
IN,Thiruvalla,assembly,IN-KL-AC-111,Kerala,Pathanamthitta,IN-KL-PC-017,https://www.eci.gov.in/Documents/Delimitation/DelimitationofParliamentaryAssemblyConstituenciesOrder-2008%28English%29.pdf,2026-03-12,active
IN,Ranni,assembly,IN-KL-AC-112,Kerala,Pathanamthitta,IN-KL-PC-017,https://www.eci.gov.in/Documents/Delimitation/DelimitationofParliamentaryAssemblyConstituenciesOrder-2008%28English%29.pdf,2026-03-12,active
IN,Aranmula,assembly,IN-KL-AC-113,Kerala,Pathanamthitta,IN-KL-PC-017,https://www.eci.gov.in/Documents/Delimitation/DelimitationofParliamentaryAssemblyConstituenciesOrder-2008%28English%29.pdf,2026-03-12,active
IN,Konni,assembly,IN-KL-AC-114,Kerala,Pathanamthitta,IN-KL-PC-017,https://www.eci.gov.in/Documents/Delimitation/DelimitationofParliamentaryAssemblyConstituenciesOrder-2008%28English%29.pdf,2026-03-12,active
IN,Adoor (SC),assembly,IN-KL-AC-115,Kerala,Pathanamthitta,IN-KL-PC-017,https://www.eci.gov.in/Documents/Delimitation/DelimitationofParliamentaryAssemblyConstituenciesOrder-2008%28English%29.pdf,2026-03-12,active
IN,Karunagappally,assembly,IN-KL-AC-116,Kerala,Kollam,IN-KL-PC-015,https://www.eci.gov.in/Documents/Delimitation/DelimitationofParliamentaryAssemblyConstituenciesOrder-2008%28English%29.pdf,2026-03-12,active
IN,Chavara,assembly,IN-KL-AC-117,Kerala,Kollam,IN-KL-PC-018,https://www.eci.gov.in/Documents/Delimitation/DelimitationofParliamentaryAssemblyConstituenciesOrder-2008%28English%29.pdf,2026-03-12,active
IN,Kunnathur (SC),assembly,IN-KL-AC-118,Kerala,Kollam,IN-KL-PC-016,https://www.eci.gov.in/Documents/Delimitation/DelimitationofParliamentaryAssemblyConstituenciesOrder-2008%28English%29.pdf,2026-03-12,active
IN,Kottarakkara,assembly,IN-KL-AC-119,Kerala,Kollam,IN-KL-PC-016,https://www.eci.gov.in/Documents/Delimitation/DelimitationofParliamentaryAssemblyConstituenciesOrder-2008%28English%29.pdf,2026-03-12,active
IN,Pathanapuram,assembly,IN-KL-AC-120,Kerala,Kollam,IN-KL-PC-016,https://www.eci.gov.in/Documents/Delimitation/DelimitationofParliamentaryAssemblyConstituenciesOrder-2008%28English%29.pdf,2026-03-12,active
IN,Punalur,assembly,IN-KL-AC-121,Kerala,Kollam,IN-KL-PC-018,https://www.eci.gov.in/Documents/Delimitation/DelimitationofParliamentaryAssemblyConstituenciesOrder-2008%28English%29.pdf,2026-03-12,active
IN,Chadayamangalam,assembly,IN-KL-AC-122,Kerala,Kollam,IN-KL-PC-018,https://www.eci.gov.in/Documents/Delimitation/DelimitationofParliamentaryAssemblyConstituenciesOrder-2008%28English%29.pdf,2026-03-12,active
IN,Kundara,assembly,IN-KL-AC-123,Kerala,Kollam,IN-KL-PC-018,https://www.eci.gov.in/Documents/Delimitation/DelimitationofParliamentaryAssemblyConstituenciesOrder-2008%28English%29.pdf,2026-03-12,active
IN,Kollam,assembly,IN-KL-AC-124,Kerala,Kollam,IN-KL-PC-018,https://www.eci.gov.in/Documents/Delimitation/DelimitationofParliamentaryAssemblyConstituenciesOrder-2008%28English%29.pdf,2026-03-12,active
IN,Eravipuram,assembly,IN-KL-AC-125,Kerala,Kollam,IN-KL-PC-018,https://www.eci.gov.in/Documents/Delimitation/DelimitationofParliamentaryAssemblyConstituenciesOrder-2008%28English%29.pdf,2026-03-12,active
IN,Chathannoor,assembly,IN-KL-AC-126,Kerala,Kollam,IN-KL-PC-018,https://www.eci.gov.in/Documents/Delimitation/DelimitationofParliamentaryAssemblyConstituenciesOrder-2008%28English%29.pdf,2026-03-12,active
IN,Varkala,assembly,IN-KL-AC-127,Kerala,Thiruvananthapuram,IN-KL-PC-019,https://www.eci.gov.in/Documents/Delimitation/DelimitationofParliamentaryAssemblyConstituenciesOrder-2008%28English%29.pdf,2026-03-12,active
IN,Attingal (SC),assembly,IN-KL-AC-128,Kerala,Thiruvananthapuram,IN-KL-PC-019,https://www.eci.gov.in/Documents/Delimitation/DelimitationofParliamentaryAssemblyConstituenciesOrder-2008%28English%29.pdf,2026-03-12,active
IN,Chirayinkeezhu (SC),assembly,IN-KL-AC-129,Kerala,Thiruvananthapuram,IN-KL-PC-019,https://www.eci.gov.in/Documents/Delimitation/DelimitationofParliamentaryAssemblyConstituenciesOrder-2008%28English%29.pdf,2026-03-12,active
IN,Nedumangad,assembly,IN-KL-AC-130,Kerala,Thiruvananthapuram,IN-KL-PC-019,https://www.eci.gov.in/Documents/Delimitation/DelimitationofParliamentaryAssemblyConstituenciesOrder-2008%28English%29.pdf,2026-03-12,active
IN,Vamanapuram,assembly,IN-KL-AC-131,Kerala,Thiruvananthapuram,IN-KL-PC-019,https://www.eci.gov.in/Documents/Delimitation/DelimitationofParliamentaryAssemblyConstituenciesOrder-2008%28English%29.pdf,2026-03-12,active
IN,Kazhakkoottam,assembly,IN-KL-AC-132,Kerala,Thiruvananthapuram,IN-KL-PC-020,https://www.eci.gov.in/Documents/Delimitation/DelimitationofParliamentaryAssemblyConstituenciesOrder-2008%28English%29.pdf,2026-03-12,active
IN,Vattiyoorkavu,assembly,IN-KL-AC-133,Kerala,Thiruvananthapuram,IN-KL-PC-020,https://www.eci.gov.in/Documents/Delimitation/DelimitationofParliamentaryAssemblyConstituenciesOrder-2008%28English%29.pdf,2026-03-12,active
IN,Thiruvananthapuram,assembly,IN-KL-AC-134,Kerala,Thiruvananthapuram,IN-KL-PC-020,https://www.eci.gov.in/Documents/Delimitation/DelimitationofParliamentaryAssemblyConstituenciesOrder-2008%28English%29.pdf,2026-03-12,active
IN,Nemom,assembly,IN-KL-AC-135,Kerala,Thiruvananthapuram,IN-KL-PC-020,https://www.eci.gov.in/Documents/Delimitation/DelimitationofParliamentaryAssemblyConstituenciesOrder-2008%28English%29.pdf,2026-03-12,active
IN,Aruvikkara,assembly,IN-KL-AC-136,Kerala,Thiruvananthapuram,IN-KL-PC-019,https://www.eci.gov.in/Documents/Delimitation/DelimitationofParliamentaryAssemblyConstituenciesOrder-2008%28English%29.pdf,2026-03-12,active
IN,Parassala,assembly,IN-KL-AC-137,Kerala,Thiruvananthapuram,IN-KL-PC-020,https://www.eci.gov.in/Documents/Delimitation/DelimitationofParliamentaryAssemblyConstituenciesOrder-2008%28English%29.pdf,2026-03-12,active
IN,Kattakkada,assembly,IN-KL-AC-138,Kerala,Thiruvananthapuram,IN-KL-PC-019,https://www.eci.gov.in/Documents/Delimitation/DelimitationofParliamentaryAssemblyConstituenciesOrder-2008%28English%29.pdf,2026-03-12,active
IN,Kovalam,assembly,IN-KL-AC-139,Kerala,Thiruvananthapuram,IN-KL-PC-020,https://www.eci.gov.in/Documents/Delimitation/DelimitationofParliamentaryAssemblyConstituenciesOrder-2008%28English%29.pdf,2026-03-12,active
IN,Neyyattinkara,assembly,IN-KL-AC-140,Kerala,Thiruvananthapuram,IN-KL-PC-020,https://www.eci.gov.in/Documents/Delimitation/DelimitationofParliamentaryAssemblyConstituenciesOrder-2008%28English%29.pdf,2026-03-12,active
